Code,Name,2022-12,2023-03,2023-06,2023-09,2023-12,2024-03,2024-06,2024-09,2024-12
000250,삼천당제약,6.89,4.96,4.96,4.96,4.96,1.25,1.25,1.25,1.25
003380,하림지주,6.83,4.71,4.71,4.71,4.71,6.24,6.24,6.24,6.24
005290,동진쎄미켐,14.84,13.45,13.45,13.45,13.45,14.79,14.79,14.79,14.79
006730,서부T&D,14.18,22.01,22.01,22.01,22.01,25.6,25.6,25.6,25.6
007390,네이처셀,-41.94,-53.09,-53.09,-53.09,-53.09,1.85,1.85,1.85,1.85
009520,포스코엠텍,1.86,1.31,1.31,1.31,1.31,0.41,0.41,0.41,0.41
014620,성광벤드,10.97,17.6,17.6,17.6,17.6,18.44,18.44,18.44,18.44
015750,성우하이텍,2.59,5.94,5.94,5.94,5.94,4.85,4.85,4.85,4.85
018290,브이티,9.8,15.41,15.41,15.41,15.41,25.69,25.69,25.69,25.69
025320,시노펙스,5.26,9.22,9.22,9.22,9.22,8.91,8.91,8.91,8.91
025900,동화기업,6.58,-1.72,-1.72,-1.72,-1.72,1.82,1.82,1.82,1.82
025980,아난티,35.42,29.76,29.76,29.76,29.76,0.28,0.28,0.28,0.28
028300,HLB,-41.55,-291.43,-291.43,-291.43,-291.43,-173.97,-173.97,-173.97,-173.97
030520,한글과컴퓨터,10.34,12.6,12.6,12.6,12.6,13.26,13.26,13.26,13.26
031980,피에스케이홀딩스,23.22,28.48,28.48,28.48,28.48,41.06,41.06,41.06,41.06
032190,다우데이타,7.97,6.46,6.46,6.46,6.46,9.94,9.94,9.94,9.94
032500,케이엠더블유,-25.07,-62.82,-62.82,-62.82,-62.82,-52.06,-52.06,-52.06,-52.06
033100,제룡전기,18.57,38.14,38.14,38.14,38.14,37.24,37.24,37.24,37.24
033500,동성화인텍,3.52,7.49,7.49,7.49,7.49,9.04,9.04,9.04,9.04
034950,한국기업평가,29.47,27.03,27.03,27.03,27.03,31.41,31.41,31.41,31.41
035760,CJ ENM,2.87,-0.33,-0.33,-0.33,-0.33,2,2.0,2.0,2.0
035900,JYP Ent.,27.94,29.91,29.91,29.91,29.91,21.31,21.31,21.31,21.31
036540,SFA반도체,8.99,-3.19,-3.19,-3.19,-3.19,-0.01,-0.01,-0.01,-0.01
036810,에프에스티,2.88,-5.46,-5.46,-5.46,-5.46,0.96,0.96,0.96,0.96
036830,솔브레인홀딩스,13.01,18.28,18.28,18.28,18.28,15.59,15.59,15.59,15.59
036930,주성엔지니어링,28.29,10.16,10.16,10.16,10.16,23.74,23.74,23.74,23.74
039030,이오테크닉스,20.75,9.78,9.78,9.78,9.78,9.72,9.72,9.72,9.72
039200,오스코텍,-565.71,-659.58,-659.58,-659.58,-659.58,-8.04,-8.04,-8.04,-8.04
041190,우리기술투자,"-1,218.84",90.15,90.15,90.15,90.15,91.38,91.38,91.38,91.38
041510,에스엠,10.7,11.81,11.81,11.81,11.81,8.82,8.82,8.82,8.82
042000,카페24,-8,0.57,0.57,0.57,0.57,10.56,10.56,10.56,10.56
046890,서울반도체,-3.01,-4.78,-4.78,-4.78,-4.78,0.07,0.07,0.07,0.07
048410,현대바이오,-335.65,-103.2,-103.2,-103.2,-103.2,5.26,5.26,5.26,5.26
049070,인탑스,12.91,3.17,3.17,3.17,3.17,0.62,0.62,0.62,0.62
050890,쏠리드,10.22,11.29,11.29,11.29,11.29,10.61,10.61,10.61,10.61
053030,바이넥스,10.97,0.67,0.67,0.67,0.67,-23.65,-23.65,-23.65,-23.65
053610,프로텍,30.22,11.17,11.17,11.17,11.17,7.89,7.89,7.89,7.89
053800,안랩,11.84,11.05,11.05,11.05,11.05,10.62,10.62,10.62,10.62
056190,에스에프에이,9.55,4.78,4.78,4.78,4.78,-2.37,-2.37,-2.37,-2.37
058470,리노공업,42.38,44.75,44.75,44.75,44.75,44.65,44.65,44.65,44.65
058610,에스피지,5.78,4.06,4.06,4.06,4.06,3.18,3.18,3.18,3.18
058970,엠로,11.06,7.38,7.38,7.38,7.38,10.83,10.83,10.83,10.83
060250,NHN KCP,5.37,4.32,4.32,4.32,4.32,3.96,3.96,3.96,3.96
060280,큐렉소,1.71,1.56,1.56,1.56,1.56,-10.48,-10.48,-10.48,-10.48
064550,바이오니아,5.28,0.3,0.3,0.3,0.3,-4.56,-4.56,-4.56,-4.56
064760,티씨케이,39.75,29.43,29.43,29.43,29.43,29.29,29.29,29.29,29.29
065350,신성델타테크,4.04,3.41,3.41,3.41,3.41,3.2,3.2,3.2,3.2
067160,SOOP,28.51,26.25,26.25,26.25,26.25,27.47,27.47,27.47,27.47
067310,하나마이크론,11.58,5.98,5.98,5.98,5.98,8.54,8.54,8.54,8.54
068760,셀트리온제약,9.89,9.28,9.28,9.28,9.28,7.79,7.79,7.79,7.79
069080,웹젠,34.28,25.42,25.42,25.42,25.42,25.4,25.4,25.4,25.4
074600,원익QnC,14.7,10.3,10.3,10.3,10.3,10.16,10.16,10.16,10.16
078340,컴투스,-2.23,-4.49,-4.49,-4.49,-4.49,0.88,0.88,0.88,0.88
078600,대주전자재료,6.88,3.36,3.36,3.36,3.36,13.38,13.38,13.38,13.38
079370,제우스,9.1,1.77,1.77,1.77,1.77,10.02,10.02,10.02,10.02
080220,제주반도체,16.63,12.23,12.23,12.23,12.23,5.9,5.9,5.9,5.9
082270,젬백스,-5.21,-10.9,-10.9,-10.9,-10.9,-61.15,-61.15,-61.15,-61.15
084370,유진테크,17.27,8.8,8.8,8.8,8.8,18.1,18.1,18.1,18.1
084850,아이티엠반도체,-2.55,-2.56,-2.56,-2.56,-2.56,0.37,0.37,0.37,0.37
085660,차바이오텍,-5.57,-1.0,-1,-1.0,-1.0,-5.71,-5.71,-5.71,-5.71
086450,동국제약,11.18,9.15,9.15,9.15,9.15,9.9,9.9,9.9,9.9
086520,에코프로,10.87,4.11,4.11,4.11,4.11,-9.37,-9.37,-9.37,-9.37
086900,메디톡스,23.92,7.83,7.83,7.83,7.83,8.9,8.9,8.9,8.9
087010,펩트론,-261.9,-475.3,-475.3,-475.3,-475.3,-524.33,-524.33,-524.33,-524.33
089030,테크윙,21.56,2.37,2.37,2.37,2.37,12.62,12.62,12.62,12.62
091120,이엠텍,8.16,-5.54,-5.54,-5.54,-5.54,-18.21,-18.21,-18.21,-18.21
091700,파트론,4.65,3.56,3.56,3.56,3.56,4.15,4.15,4.15,4.15
094360,칩스앤미디어,30.31,28.2,28.2,28.2,28.2,19.51,19.51,19.51,19.51
095340,ISC,31.24,7.66,7.66,7.66,7.66,25.67,25.67,25.67,25.67
095500,미래나노텍,1.98,1.98,1.98,1.98,1.98,4,4.0,4.0,4.0
095610,테스,15.62,-3.99,-3.99,-3.99,-3.99,16.03,16.03,16.03,16.03
095660,네오위즈,6.64,8.64,8.64,8.64,8.64,8.98,8.98,8.98,8.98
096530,씨젠,23.02,-8.18,-8.18,-8.18,-8.18,-3.98,-3.98,-3.98,-3.98
098460,고영,16.07,9.03,9.03,9.03,9.03,1.64,1.64,1.64,1.64
099190,아이센스,7.48,4.12,4.12,4.12,4.12,0.91,0.91,0.91,0.91
101360,에코앤드림,3.72,-5.77,-5.77,-5.77,-5.77,0.46,0.46,0.46,0.46
101490,에스앤에스텍,12.97,16.66,16.66,16.66,16.66,16.75,16.75,16.75,16.75
101730,위메이드맥스,29.32,5.4,5.4,5.4,5.4,-10.79,-10.79,-10.79,-10.79
108860,셀바스AI,10.13,7.71,7.71,7.71,7.71,0.71,0.71,0.71,0.71
112040,위메이드,-18.33,-18.25,-18.25,-18.25,-18.25,0.99,0.99,0.99,0.99
114840,아이패밀리에스씨,11.14,16.14,16.14,16.14,16.14,16.42,16.42,16.42,16.42
115450,HLB테라퓨틱스,-17.7,-16.59,-16.59,-16.59,-16.59,-13.88,-13.88,-13.88,-13.88
121600,나노신소재,21.05,14.3,14.3,14.3,14.3,3.4,3.4,3.4,3.4
122870,와이지엔터테인먼트,10.9,13.97,13.97,13.97,13.97,-5.11,-5.11,-5.11,-5.11
131290,티에스이,16.69,-0.96,-0.96,-0.96,-0.96,11.46,11.46,11.46,11.46
131970,두산테스나,24.19,17.95,17.95,17.95,17.95,10.16,10.16,10.16,10.16
137400,피엔티,18.61,14.1,14.1,14.1,14.1,15.77,15.77,15.77,15.77
140410,메지온,-75.93,-45.68,-45.68,-45.68,-45.68,-166.05,-166.05,-166.05,-166.05
140860,파크시스템스,26.22,19.03,19.03,19.03,19.03,22.01,22.01,22.01,22.01
141080,리가켐바이오,-150.77,-236.7,-236.7,-236.7,-236.7,-16.61,-16.61,-16.61,-16.61
145020,휴젤,35.99,36.84,36.84,36.84,36.84,44.56,44.56,44.56,44.56
160190,하이젠알앤엠,5.62,5.61,5.61,5.61,5.61,-0.49,-0.49,-0.49,-0.49
161580,필옵틱스,5.95,3.42,3.42,3.42,3.42,3.36,3.36,3.36,3.36
166090,하나머티리얼즈,30.5,17.67,17.67,17.67,17.67,17.25,17.25,17.25,17.25
171090,선익시스템,5.99,-6.5,-6.5,-6.5,-6.5,7,7.0,7.0,7.0
178320,서진시스템,8.11,6.29,6.29,6.29,6.29,8.96,8.96,8.96,8.96
179900,유티아이,-12.73,-101.91,-101.91,-101.91,-101.91,-173.73,-173.73,-173.73,-173.73
183300,코미코,19.21,10.75,10.75,10.75,10.75,22.18,22.18,22.18,22.18
189300,인텔리안테크,6.41,3.52,3.52,3.52,3.52,-7.54,-7.54,-7.54,-7.54
194480,데브시스터즈,-9.29,-29.78,-29.78,-29.78,-29.78,11.51,11.51,11.51,11.51
195940,HK이노엔,6.21,7.95,7.95,7.95,7.95,9.83,9.83,9.83,9.83
196170,알테오젠,-101.97,-10.09,-10.09,-10.09,-10.09,24.7,24.7,24.7,24.7
200130,콜마비앤에이치,10.61,5.22,5.22,5.22,5.22,4,4.0,4.0,4.0
204270,제이앤티씨,-27.48,8.82,8.82,8.82,8.82,-16.87,-16.87,-16.87,-16.87
213420,덕산네오룩스,25.4,20.11,20.11,20.11,20.11,24.72,24.72,24.72,24.72
214150,클래시스,48.57,49.76,49.76,49.76,49.76,50.4,50.4,50.4,50.4
214370,케어젠,48.66,50.98,50.98,50.98,50.98,41.47,41.47,41.47,41.47
214450,파마리서치,33.85,35.35,35.35,35.35,35.35,36,36.0,36.0,36.0
215000,골프존,24.08,16.72,16.72,16.72,16.72,15.46,15.46,15.46,15.46
215200,메가스터디교육,16.2,13.63,13.63,13.63,13.63,13.12,13.12,13.12,13.12
218410,RFHIC,0.74,0.27,0.27,0.27,0.27,1.33,1.33,1.33,1.33
222080,씨아이에스,4.9,12.56,12.56,12.56,12.56,11.67,11.67,11.67,11.67
222800,심텍,20.76,-8.46,-8.46,-8.46,-8.46,-3.81,-3.81,-3.81,-3.81
225570,넥슨게임즈,3.89,6.22,6.22,6.22,6.22,15.13,15.13,15.13,15.13
232140,와이씨,12.76,3.36,3.36,3.36,3.36,5.02,5.02,5.02,5.02
237690,에스티팜,7.16,11.76,11.76,11.76,11.76,10.12,10.12,10.12,10.12
240810,원익IPS,9.65,-2.62,-2.62,-2.62,-2.62,1.42,1.42,1.42,1.42
241710,코스메카코리아,2.6,10.44,10.44,10.44,10.44,11.51,11.51,11.51,11.51
247540,에코프로비엠,7.11,2.26,2.26,2.26,2.26,-1.23,-1.23,-1.23,-1.23
253450,스튜디오드래곤,9.34,7.42,7.42,7.42,7.42,6.62,6.62,6.62,6.62
253590,네오셈,16.82,1.86,14.89,2.48,8.48,9.13,-15.65,31.51,14.76
257720,실리콘투,9.61,12.79,13.27,14.99,14.08,19.64,21.47,22.82,15.32
263750,펄어비스,3.36,1.28,-18,2.51,-6.48,0.69,-7.14,-11.62,2.29
267980,매일유업,4.4,2.81,4.8,3.86,4.75,4.39,4.13,3.48,3.57
272290,이녹스첨단소재,7.69,5.45,16.74,15.24,2.46,15.42,23.86,18.3,24.0
277810,레인보우로보틱스,3.79,-766.06,4.27,14.33,-461.51,-14.75,-80.24,-29.42,10.79
278280,천보,14.43,3.48,2.17,1.72,-29.59,-69.52,3.9,2.48,8.05
281740,레이크머티리얼즈,27.03,27.5,27.38,15.11,29.07,15.97,16.46,12.19,18.4
290650,엘앤씨바이오,19.62,14.33,9.78,23.12,-2.54,12.22,10.59,0.94,-3.26
293490,카카오게임즈,3.8,4.55,9.77,12.68,17.53,8.02,0.7,4.74,-2.96
298380,에이비엘바이오,-113.93,57.23,-120.41,-60.61,-127.31,-179.89,-133.65,-185.08,-210.48
310210,보로노이,"-1,327.45",,,,,,,,
317330,덕산테코피아,4.9,-0.43,3.46,-13.72,-18.63,-16.49,-25.0,-23.3,-65.83
319660,피에스케이,0.05,13.46,2.25,27.09,14.66,27.46,23.45,24.68,10.15
323280,태성,-0.75,1.97,1.39,-16.15,-2.54,11.74,18.53,-8.04,15.96
328130,루닛,-347.15,-21.81,-184.46,-368.06,-329.0,-249.05,-163.12,-98.81,-91.57
336570,원텍,39.22,46.85,41.43,36.13,34.75,29.4,24.21,27.32,37.47
348210,넥스틴,38.35,45.15,46.13,36.52,31.2,55.35,2.85,41.45,44.27
348370,엔켐,8.4,10.25,6.44,0.58,-38.67,-15.12,0.55,-5.29,-62.64
352480,씨앤씨인터내셔널,12.11,12.9,18.07,12.53,14.35,13.8,14.72,9.65,0.05
357780,솔브레인,16.91,20.19,15.12,15.24,11.7,21.85,21.16,18.06,16.83
358570,지아이이노베이션,,,"-3,501.05",,-184.9,"-52,933.26",,,
365340,성일하이텍,4.89,14.4,12.51,-12.69,-47.48,-39.98,-52.15,-41.71,-74.9
376300,디어유,31.43,35.11,35.33,37.63,42.4,35.27,36.96,35.76,27.39
383310,에코프로에이치엔,22.24,20.1,19.81,17.52,15.09,14.23,7.68,10.14,9.5
394280,오픈엣지테크놀로지,-905.63,-730.99,-196.38,-393.96,35.37,-286.12,-141.55,-37.39,-428.29
399720,가온칩스,15.27,-5.06,10.22,7.41,11.31,-3.4,0.29,7.73,6.94
403870,HPSP,43.03,59.42,55.51,51.46,39.74,52.91,44.13,52.62,53.67
417200,LS머트리얼즈,11.15,8.27,14.52,8.21,7.94,3.8,5.0,3.18,5.24
420770,기가비스,58,51.67,29.29,20.68,38.44,-14.18,3.84,-7.88,-13.62
000080,하이트진로,2.15,6.41,1.86,6.64,4.81,7.78,10.26,10.24,3.4
000100,유한양행,3.89,5.11,5.51,0.18,1.42,0.13,3.51,7.95,-2.38
000120,CJ대한통운,3.72,3.53,3.79,4.25,4.71,3.74,4.1,4.76,4.88
000150,두산,4.71,7.77,10.31,7.05,5.05,7.8,7.33,2.84,4.02
000210,DL,1.78,5.36,-0.58,0.95,6.15,12.27,9.57,8.54,-1.85
000240,한국앤컴퍼니,8.85,14.16,18.22,33.25,25.34,36,34.32,35.99,10.32
000270,기아,11.33,12.13,12.97,11.22,10.14,13.07,13.22,10.87,10.01
000660,SK하이닉스,-24.93,-66.87,-39.45,-19.77,3.06,23.22,33.3,40.0,40.89
000670,영풍,-12.03,-3.18,-7.86,4.64,-13.38,-5.83,0.01,-2.73,-15.64
000720,현대건설,1.22,2.88,3.12,3.1,1.68,2.94,1.71,1.38,-24.51
000810,삼성화재,6.77,15.58,14.71,10.81,4.03,16.29,14.14,12.02,4.01
000880,한화,-7.73,9.36,3.72,3.21,1.6,1.9,4.07,4.3,6.26
001040,CJ,3.1,3.37,4.85,6.0,5.38,5.52,6.2,6.18,5.5
001430,세아베스틸지주,0.31,6.35,7.43,4.34,0.13,2.23,6.56,2.76,-6.88
001440,대한전선,3,2.51,3.18,2.76,2.75,3.65,4.33,3.38,2.61
001450,현대해상,17.89,6.84,6.65,9.01,-4.26,12.86,10.86,7.74,-1.54
001680,대상,1.4,2.52,3.35,4.6,1.36,4.57,4.21,4.64,3.19
001800,오리온홀딩스,15.19,12.68,13.45,13.49,15.14,16.08,15.15,15.67,16.37
002380,KCC,3.51,4.85,5.69,5.7,3.66,6.73,7.9,7.67,5.93
002710,TCC스틸,2.99,0.55,3.7,-0.06,2.36,1.12,2.86,2.17,2.07
002790,아모레퍼시픽홀딩스,6.64,8.09,1.14,2.99,2.93,8.25,1.22,7.02,6.7
002840,미원상사,11.45,13.73,16.95,18.69,14.54,15.35,18.03,13.51,8.4
003030,세아제강지주,13.48,20.32,19.01,13.14,6.85,7.75,8.49,2.25,4.13
003090,대웅,9.54,10.92,14.53,14.21,3.19,10.92,14.51,19.72,12.51
003230,삼양식품,8,9.72,15.44,12.96,11.07,20.77,21.08,19.89,18.31
003240,태광산업,-13.61,-3.47,-3.31,-4.07,-6.89,-1.13,1.25,-3.27,-2.18
003490,대한항공,13.31,13.52,12.31,12.78,6.47,12.53,10.06,14.24,10.31
003550,LG,5.39,30.62,23.94,27.38,5.88,26.03,16.96,24.52,-13.56
003620,KG모빌리티,-0.17,0.87,1.87,1.58,-4.03,1.51,1.08,-4.45,1.55
003670,포스코퓨처엠,0.42,1.79,4.37,2.89,-6.43,3.33,0.3,0.15,-5.71
004000,롯데정밀화학,8.88,8.01,16.02,8.76,2.07,2.7,4.05,2.46,2.84
004020,현대제철,-4.62,5.23,6.52,3.64,-3.75,0.94,1.62,0.92,-0.82
004170,신세계,6.39,9.75,9.49,8.8,11.97,10.16,7.32,6.04,5.69
004370,농심,5.62,7.41,6.41,6.51,4.55,7.04,5.08,4.42,2.39
004490,세방전지,5.29,3.91,7.94,8.66,9.62,9.87,11.36,6.95,6.95
004990,롯데지주,0.46,2.28,4.11,6.04,0.38,1.86,4.02,4.32,-1.94
005250,녹십자홀딩스,-6.45,-6.16,1.35,3.83,-3.22,-6.62,1.9,5.65,-4.37
005300,롯데칠성,3.64,8.72,7.43,10.15,0.87,3.92,5.48,7.39,1.0
005380,현대차,8.82,9.64,10.06,9.34,8.18,8.75,9.51,8.34,6.05
005420,코스모화학,1.11,0.98,2.25,2.34,-7.17,-0.27,1.81,0.7,-3.68
005490,POSCO홀딩스,-2.21,3.64,6.59,6.31,1.63,3.23,4.06,4.06,0.54
005830,DB손해보험,19.52,13.04,13.39,10.18,8.51,14.24,14.38,13.32,3.96
005850,에스엘,2.42,8.6,10.68,7.0,5.5,11.14,11.38,5.68,3.3
005930,삼성전자,6.11,1.0,1.11,3.61,4.17,9.19,14.1,11.61,8.57
005940,NH투자증권,50.09,7.46,11.35,5.17,4.9,9.57,13.34,8.25,5.74
006040,동원산업,3.68,5.18,4.66,6.48,4.32,4.91,3.96,7.46,5.95
006260,LS,2.18,3.83,4.31,3.64,2.89,4.14,5.15,2.5,3.99
006280,녹십자,-5.45,-3.89,5.47,7.46,-2.08,-4.21,4.23,8.51,-2.29
006360,GS건설,2.86,4.52,-11.84,1.94,-5.82,2.3,2.83,2.63,1.19
006400,삼성SDI,8.23,7.01,7.71,8.3,5.6,4.2,5.7,3.04,-7.5
006650,대한유화,-30.05,-6.83,-5.54,2.82,-1.47,-2.36,-0.85,-4.19,-1.31
006800,미래에셋증권,4.75,4.1,3.94,3.79,-1.83,4.31,5.78,6.8,4.72
007070,GS리테일,7.44,2.37,3.18,3.61,1.93,1.84,2.84,2.78,0.49
007310,오뚜기,4.18,7.63,7.56,9.13,5.03,8.29,7.17,7.03,2.65
007340,DN오토모티브,15.22,15.76,15.29,15.04,13.88,15.84,16.79,15.31,13.12
008730,율촌화학,-0.37,-1.66,-4.37,-5.46,-4.18,-4.91,1.08,-5.24,-7.25
008770,호텔신라,-0.51,4.59,7.75,0.77,-1.95,1.24,2.76,-1.67,-2.95
008930,한미사이언스,2.44,4.14,4.65,3.93,5.46,10.77,2.66,6.64,-17.77
009150,삼성전기,5.14,6.93,9.23,7.98,4.97,7.03,8.22,8.6,4.62
009240,한샘,-4.07,-3.35,0.24,1.02,2.3,2.67,1.48,1.61,0.79
009420,한올바이오파마,2.64,-6.04,19.61,0.28,-13.44,0.35,-9.68,1.17,7.52
009540,HD한국조선해양,2.37,-0.39,1.31,1.38,2.69,2.9,5.69,6.38,6.97
009830,한화솔루션,4.44,8.76,5.42,3.07,1.37,-9.12,-4.23,-2.93,2.3
009970,영원무역홀딩스,21.58,21.04,21.3,19.13,18.77,13.21,18.84,10.8,6.71
010060,OCI홀딩스,33.17,28.27,22.2,18.94,10.09,11.48,9.43,2.26,-12.63
010120,LS ELECTRIC,2.81,8.38,8.73,6.86,6.61,9.03,9.68,6.51,8.82
010130,고려아연,3.46,5.77,6.31,7.0,8.2,7.77,8.79,4.68,3.52
010140,삼성중공업,-20.55,1.22,3.03,3.75,3.25,3.32,5.16,5.16,6.45
010620,HD현대미포,-5.35,-3.02,-5.08,-0.79,-5.91,-1.1,1.54,3.27,3.3
010950,S-Oil,-1.51,5.68,0.47,9.54,-0.57,4.88,1.68,-4.69,2.49
011070,LG이노텍,2.6,3.32,0.47,3.85,6.4,4.06,3.33,2.29,3.74
011170,롯데케미칼,-5.14,-0.11,-1.36,0.87,-6.44,-2.66,-2.38,-8.22,-4.0
011200,HMM,35.88,14.72,7.52,3.57,2.05,17.47,24.19,41.14,31.7
011210,현대위아,2.3,2.43,2.85,3.26,2.87,2.81,2.61,2.55,2.73
011780,금호석유화학,6.92,7.67,6.82,5.59,2.32,4.71,6.43,3.56,0.55
011790,SKC,-108.98,-6.02,-9.51,-15.66,-45.21,-18.14,-13.59,-13.42,-19.57
012330,현대모비스,4.4,2.85,4.23,4.85,3.57,3.91,4.34,6.49,6.7
012450,한화에어로스페이스,6.21,10.9,4.12,5.27,8.95,1.22,14.44,18.14,18.65
012630,HDC,6.22,5.07,2.55,6.86,6.42,5.52,5.47,5.92,5.35
012750,에스원,5.98,9.88,8.41,8.29,6.06,7.36,7.52,8.82,6.27
014680,한솔케미칼,11.87,17.69,16.77,18.9,10.98,17.28,17.64,19.42,11.92
014820,동원시스템즈,5.44,5.39,7.65,7.41,4.76,5.2,8.8,8.09,5.22
015760,한국전력,-55.51,-28.61,-11.58,8.16,8.48,5.58,6.11,13.01,10.28
016360,삼성증권,2.69,7.75,7.39,6.43,-0.08,8.91,11.04,11.71,5.4
017670,SK텔레콤,5.79,11.32,10.76,11.31,6.56,11.14,12.15,11.77,5.63
017800,현대엘리베이터,6.3,3.73,2.35,6.24,0.56,6.03,6.75,10.01,8.41
017960,한국카본,5.7,3.63,5.9,2.96,0.11,1.43,9.16,4.5,8.95
018260,삼성에스디에스,4.41,5.71,6.27,6.02,6.35,6.96,6.56,7.08,5.81
018880,한온시스템,4.45,2.57,5.91,0.83,2.37,2.72,2.8,3.75,-5.43
021240,코웨이,16.7,18.52,19.3,19.38,16.55,19.34,19.51,18.82,16.29
022100,포스코DX,3.45,7.36,9.3,9.08,3.97,7.99,6.9,8.26,6.41
023530,롯데쇼핑,2.46,3.16,1.42,3.8,5.57,3.27,1.64,4.34,4.23
024110,기업은행,24.54,10.91,16.7,18.66,10.51,12.01,10.36,19.16,5.98
026960,동서,7.29,10.18,8.67,8.6,8.26,9.51,9.06,8.68,9.13
028050,삼성E&A,7.3,8.9,12.37,6.19,9.54,8.78,9.78,8.8,11.47
028260,삼성물산,5.96,6.26,7.3,7.57,6.21,6.6,8.18,7.14,6.35
028670,팬오션,11.07,11.31,10.21,7.15,6.68,10.06,10.96,10.03,6.55
029780,삼성카드,30.62,17.94,19.66,18.28,25.59,21.81,22.82,25.34,13.17
030000,제일기획,5.96,5.67,8.72,8.67,6.63,5.36,8.1,8.91,7.08
030200,KT,2.3,7.54,8.8,4.81,3.97,7.61,7.55,6.97,-9.96
032640,LG유플러스,7.94,7.35,8.4,7.1,5.12,6.18,7.27,6.47,3.79
032830,삼성생명,19.2,8.83,4.94,7.95,7.92,8.01,11.45,9.78,0.47
033780,KT&G,14.32,22.68,18.42,24.07,13.73,18.31,22.62,25.53,13.65
034020,두산에너빌리티,5.88,9.02,10.9,7.49,6.11,8.74,7.46,3.38,5.12
034220,LG디스플레이,-11.99,-24.9,-18.6,-13.84,1.78,-8.94,-1.4,-1.18,1.06
034730,SK,-1.46,3.63,1.69,7.37,0.08,4.41,1.98,1.4,-1.29
035250,강원랜드,5.49,19.46,24.78,24.54,11.91,20.58,21.88,24.83,12.4
035420,NAVER,14.81,14.49,15.48,15.55,15.98,17.39,18.11,19.34,18.78
035720,카카오,6.1,3.86,5.88,6.18,8.05,6.05,6.68,6.79,3.85
036460,한국가스공사,6.16,3.28,2.52,2.92,4.99,7.19,6.18,5.42,11.79
036570,엔씨소프트,8.66,17.05,8.01,3.91,0.88,6.47,2.4,-3.56,-31.63
039130,하나투어,-34.62,6.76,4.93,10.43,9.33,11.8,2.78,7.55,9.56
039490,키움증권,7.19,12.64,8.14,12.94,-12.91,12.78,13.7,9.87,4.95
042660,한화오션,-28.72,-4.36,-8.73,3.87,-2.19,2.32,-0.38,0.95,5.2
042670,HD현대인프라코어,5.37,11.85,12.33,8.33,1.43,8.02,7.36,2.28,-1.16
042700,한미반도체,23.83,7.82,22.78,9.3,35.27,37.13,44.9,47.62,48.09
047040,대우건설,7.69,6.77,6.65,6.36,2.81,4.62,3.71,2.45,4.58
047050,포스코인터내셔널,2.12,3.37,4.03,3.88,2.71,3.42,4.22,4.28,1.82
047810,한국항공우주,4.32,3.41,1.14,6.49,10.22,6.49,8.33,8.41,3.85
051600,한전KPS,12.13,15.64,11.91,10.96,13.44,15.24,17.36,11.85,9.48
051900,LG생활건강,7.13,8.67,8.73,7.36,3.49,8.74,9.01,6.19,2.7
051910,LG화학,1.53,4.92,3.54,4.78,-0.02,0.65,-0.45,0.19,-4.77
052690,한전기술,7,9.26,9.3,4.37,1.08,7.15,10.36,5.35,13.93
055550,신한지주,5.56,18.38,16.57,14.82,11.01,15.59,10.31,20.79,1.65
064350,현대로템,6.61,4.66,6.81,4.44,7.06,5.98,10.3,12.57,11.22
066570,LG전자,0.32,7.33,3.71,4.74,1.38,6.33,5.52,3.39,0.6
066970,엘앤에프,4.34,2.97,0.22,1.18,-42.65,-32.07,-15.18,-20.6,-54.26
068270,셀트리온,19.71,30.53,34.92,39.81,4.82,2.1,8.29,23.55,18.47
069260,TKG휴켐스,4.79,15.46,15.62,12.85,-0.71,10.48,7.65,6.64,2.64
069620,대웅제약,3.85,7.59,11.44,8.62,7.93,8.83,11.74,10.4,10.52
069960,현대백화점,4.34,7.09,5.73,7.37,8.46,7.24,4.18,6.23,9.17
071050,한국금융지주,-11.88,3.77,4.4,3.9,1.14,6.19,5.75,5.77,3.28
071320,지역난방공사,-8.21,-5.29,-7.18,-7.31,47.51,15.17,-4.39,4.93,10.56
073240,금호타이어,1.94,5.46,8.77,9.85,16.23,13.94,13.39,12.58,12.19
078930,GS,14.28,15.85,11.59,19.04,10.66,16.16,12.91,9.89,9.39
079550,LIG넥스원,3.8,12.47,7.37,7.66,5.43,8.77,8.13,7.02,5.28
081660,미스토홀딩스,-0.88,14.47,8.02,9.35,-5.44,13.81,11.92,8.9,-4.18
086280,현대글로비스,6.54,6.45,6.31,6.07,5.38,5.84,6.22,6.28,6.31
086790,하나금융지주,20.39,6.78,8.82,6.64,4.55,6.97,6.89,12.13,2.11
088350,한화생명,-27.71,10.17,5.69,0.71,-0.43,6.14,6.31,2.71,2.57
090430,아모레퍼시픽,5.24,7.04,0.62,1.94,2.23,7.97,0.46,6.67,7.19
093370,후성,-1.67,-11.39,-2.16,-5.3,-17.98,-8.68,3.79,-1.68,-2.35
096770,SK이노베이션,-4,1.96,-1.46,6.8,-0.86,3.11,-0.84,-2.74,0.41
097950,CJ제일제당,3.18,3.58,4.77,5.32,4.09,5.21,5.24,5.56,5.2
103140,풍산,3.78,8.12,5.2,3.43,5.21,5.63,13.08,6.59,2.76
105560,KB금융,2.23,8.67,12.92,10.44,1.34,10.06,11.58,15.21,3.9
111770,영원무역,18.63,19.89,20.89,18.02,10.5,10.01,18.65,9.78,-3.12
112610,씨에스윈드,-1.6,6.99,10.06,10.89,-0.94,-1.82,14.45,13.64,5.22
114090,GKL,5.87,24.93,10.98,14.22,-1.04,14.14,13.37,6.18,5.17
120110,코오롱인더,2.68,3.21,5.87,2.94,4.54,2.72,4.85,2.69,2.76
128940,한미약품,11.06,16.59,9.67,15.78,16.6,18.99,15.37,14.08,8.66
137310,에스디바이오센서,-58.05,-67.86,-46.98,-29.29,-18.55,-5.99,-8.89,-6.18,-10.03
138040,메리츠금융지주,3.42,4.61,5.8,6.35,3.67,6.14,8.96,8.27,4.3
138930,BNK금융지주,4.69,12.42,12.12,11.44,-2.79,11.75,11.85,10.57,1.1
139130,iM금융지주,0.53,10.32,9.94,8.92,-1.97,7.45,1.66,6.28,-2.02
139480,이마트,0.17,0.19,-0.73,1.01,-1.16,0.65,-0.49,1.49,-1.06
145720,덴티움,38.71,31.29,30.45,32.05,43.72,23.24,24.81,25.74,22.91
161390,한국타이어앤테크놀로지,9.37,9.08,10.97,16.94,22.06,18.74,18.12,19.31,18.69
161890,한국콜마,1.8,2.47,9.28,6.01,6.77,5.64,10.87,8.71,5.95
175330,JB금융지주,16.34,22.13,21.45,22.03,11.34,19.99,22.03,22.75,13.63
180640,한진칼,7.47,17.92,21.54,14.63,8.82,18.45,20.67,17.03,11.22
185750,종근당,4.68,8.62,11.36,13.81,22.67,8.53,9.03,6.31,1.63
192080,더블유게임즈,32.67,31.71,34.92,38.76,40.95,38.44,41.11,38.6,38.84
192820,코스맥스,0.6,3.43,9.61,7.27,5.16,8.63,8.47,8.19,7.14
204320,HL만도,2.61,3.52,3.69,3.85,2.31,3.59,4.17,3.8,4.58
207940,삼성바이오로직스,32.4,26.6,29.26,30.81,32.6,23.37,37.56,28.52,25.92
241560,두산밥캣,10.52,15.37,17.49,12.54,11.06,13.61,10.66,7.04,8.41
251270,넷마블,-3.5,-4.68,-6.17,-3.47,2.83,0.63,14.22,10.12,5.43
259960,크래프톤,26.63,52.53,33.97,42.03,30.74,46.63,46.97,45.1,34.89
267250,HD현대,1.66,3.49,3.03,4.87,2.14,4.81,5.01,2.6,5.14
267260,HD현대일렉트릭,7.56,8.15,9.16,12.3,15.63,16.08,22.91,20.77,20.39
268280,미원에스씨,7.49,3.25,5.89,5.38,6.14,10.09,12.9,12.66,10.44
271560,오리온,17.22,14.94,15.72,18.36,18.27,16.72,16.92,17.69,18.53
272210,한화시스템,0.88,2.81,4.9,6.39,5.2,8.36,12.29,9.44,3.12
278470,에이피알,16.19,18.98,19.41,17.93,22.6,18.64,18.01,15.65,16.25
280360,롯데웰푸드,1.89,1.94,4.67,7.42,2.98,3.93,6.06,7.05,-2.02
282330,BGF리테일,2.68,2.0,3.72,3.94,2.5,1.67,3.46,3.92,2.33
285130,SK케미칼,9.4,2.37,-3.73,14.34,1.19,-3.32,2.14,-2.92,-5.61
298020,효성티앤씨,-2.39,3.73,3.34,2.57,1.64,4.05,4.27,3.49,2.15
298040,효성중공업,4.16,1.67,7.64,9.1,4.91,5.71,5.25,9.73,8.41
298050,HS효성첨단소재,5.94,8.07,5.96,4.55,2.92,7.66,7.88,5.38,5.56
300720,한일시멘트,7.73,7.06,17.18,16.39,13.11,13.5,21.48,18.81,8.04
302440,SK바이오사이언스,6.47,-141.72,-133.35,26.29,-9.3,-126.18,-74.47,-64.26,-32.37
316140,우리금융지주,-97.41,9.99,8.27,12.33,1.52,8.96,11.52,15.86,4.35
323410,카카오뱅크,17.7,24.34,18.22,19.42,15.49,20.67,23.13,23.28,15.39
326030,SK바이오팜,-71.09,-37.27,-24.59,-11.86,11.66,9.03,19.44,14.16,24.94
329180,HD현대중공업,0.83,-1.58,2.24,0.45,4.06,0.71,5.04,5.71,7.05
352820,하이브,9.54,12.79,13.1,13.51,14.65,3.99,7.95,10.27,8.89
361610,SK아이이테크놀로지,-5.81,1.22,3.67,6.93,17.53,-146.04,-95.1,-143.82,-155.12
373220,LG에너지솔루션,2.78,6.09,3.99,6.27,1.1,-0.52,-4.1,-0.26,-9.34
375500,DL이앤씨,5.33,4.87,3.65,4.38,3.78,3.22,1.57,4.34,3.86
377300,카카오페이,-18.13,-9.2,-8.45,-6.0,-12.92,-5.5,-3.92,-4.02,-15.14
383220,F&F,28.09,29.99,27.15,30.14,24.72,25.68,23.45,24.02,22.03
402340,SK스퀘어,"-3,312.09",-108.96,-137.12,-106.55,-64.34,35.72,57.68,69.26,74.72
443060,HD현대마린솔루션,,,15.03,13.99,13.2,13.44,16.21,18.08,14.22
450080,에코프로머티,-0.32,3.57,2.46,-2.87,0.07,-16.38,-5.5,-58.5,-10.84
454910,두산로보틱스,-15.32,-25.46,-41.3,-49.06,-18.36,-63.28,-54.57,-95.55,-146.71
456040,OCI,,,4.43,4.89,4.09,7.19,5.92,3.01,3.92
457190,이수스페셜티케미컬,,,12.89,0.53,-31.14,2.67,7.76,4.54,1.02
489790,한화비전,,,,,,,,6.06,-2.43